"[(71/9, -37/5, -2/3, 65/9), (15, -6, 28/5, 65/9), (-26, -8, -7, -12), (-68, 95/3, -4, -5), (-33/2, 25/2, 49, 27/4)]","[(-79/10, -31/2, -13/7, 92/9), (41/5, 68/3, 41/7, 8), (-6, 19/7, -31/4, 29/3), (12/5, -13, -41/6, -73/2), (-87/4, 85/4, -85/9, -5/2)]"
"[(-85, -56, -36, -13), (44, -25, 60, -99), (-11, -72, -11, 51), (44, 6, -89, -5), (42, 45, -42, 20)]","[(77, -67, 27, -78), (99, -75, 16, -49), (-6, -71, 59, -50), (-52, -72, 77, -97), (-9, 58, -91, 92)]"
"[(-2, 91, -31, 59, 42), (14, -21, 3, -95, 55)]","[(59, 58, 67, 13, 84), (-41, -94, -86, 91, 91)]"
"[(76, -89, 32, 10), (13, 74, 75, 82), (94, 27, -60, 11), (86, 28, 75, -17)]","[(17, -36, 80, 6), (-1, 34, 66, 93), (7, -69, 8, -73), (-7, 92, -1, -100)]"
"[(-18, -12, -9/8, 71/4), (29, -48, 29/4, 11/9), (9, -19/5, 59/10, 20), (-77/9, 45/8, -1, 20), (-21, 52, 17, 1/10)]","[(8, -19, 15/4, 74/9), (15/2, 29, 41/2, 64/5), (-32, -100/7, -73/6, -11), (-29, 8, 8/5, 33), (89/3, -9, 18, 29/9)]"
"[(-52, -5, -32, 44, 14), (26, 31, -87, -24, -33), (-9, -17, -32, 32, -39)]","[(-17, 92, 47, -99, -10), (54, -4, 45, 30, -47), (-24, -38, 33, -36, -86)]"
"[(-26, 80, 67, 64, -23, 36), (-47, -1, 30, 71, -25, -74), (4, -44, -30, 96, 52, -92), (77, 80, -77, 93, -89, -53), (-33, 47, 98, -93, 89, 43), (-66, -68, 54, -11, -29, -27), (-46, 8, -69, -57, 83, 5)]","[(-14, 83, -35, -32, 66, 44), (11, 89, -36, -44, -11, 54), (-71, 36, -61, 84, -40, 5), (-81, 53, -18, -11, 54, 80), (76, -91, -9, -7, -84, 54), (80, 57, 15, 79, -40, 98), (-91, 24, 17, 7, 69, -46)]"
"[(-86, 35), (-56, 4), (-26, -99), (51, 48), (58, 19), (19, 74), (-42, 17)]","[(-60, -72), (-51, 20), (35, -21), (-62, 82), (59, 59), (-42, 54), (52, 56)]"
"[(15, 70, -1, -2, -13, 30, -21), (-89, 89, -64, 17, -78, -37, 1), (-29, -67, -40, 24, -21, 30, -55), (-34, 66, 53, 22, 73, 27, 27), (24, -51, -55, 76, -82, 70, 92), (-94, -24, -30, -25, -1, 31, 31), (-18, 9, 0, 14, 72, -67, 27)]","[(21, 52, -76, 60, 98, 84, 65), (-1, 45, -39, 62, -5, -64, -23), (-38, -92, -77, -29, -20, -64, 27), (-34, 32, 49, 19, -3, 94, -76), (-4, -31, 24, 58, 10, -19, 4), (29, -62, 13, -62, -71, 70, -15), (40, -95, 74, -17, -71, -83, -94)]"
"[(57, 20, 25, 67, -36, 91, 41, -3, 41, -66, 45, 17, 20, 1, -73), (8, 30, -41, -28, -45, -85, -88, -26, -15, -1, 65, -67, -73, -15, -56), (-10, -84, 25, 37, 28, 16, 55, 8, -34, 52, -32, 12, -61, -46, -81)]","[(73, -68, 91, -26, -75, 20, -64, -27, 41, 50, -76, -97, 69, -62, -92), (10, 87, -79, 34, 92, -15, 90, 72, -75, -57, -50, -43, 80, -93, -58), (-77, 25, -63, -13, 92, 44, -82, 12, 64, 87, 79, 69, 79, 4, -34)]"
"[(3, -9, 50, -51, -53, 1, 43), (55, 84, 68, -49, 38, -66, 40), (-82, -29, 89, -45, 91, 73, 50), (-33, -48, 71, -68, -21, -76, 20), (-52, -13, -70, -33, -88, 38, 16), (31, 24, -20, -54, 90, -49, 77), (21, 87, 76, -72, -73, 82, 77)]","[(45, 95, 76, -12, 90, -29, -21), (-91, -24, 78, -37, -50, -55, 73), (-76, -87, 3, 59, 41, -85, -46), (7, -97, -38, -64, 30, 77, -16), (66, 97, -63, 48, -66, -47, 15), (5, 44, -22, -23, -40, -69, 58), (-89, -47, -63, 92, -64, -75, 25)]"
"[(27/2, -13, 2), (44/3, 92/5, 23/9), (-28, 1/10, -9), (41/10, 73/10, 23/9), (56/9, -7/3, -57/8), (-19/8, 25/2, -28/9)]","[(29/6, -3, 96/5), (10, -65, 77/8), (-53/8, 7/2, -10), (3, -98/9, 88), (-17, -61/10, 59/6), (-61/6, 94/5, 26/7)]"
"[(-2, 60), (97, 15), (73, 59), (16, 60), (-4, -57), (13, -27)]","[(-47, 42), (-80, -97), (-71, -62), (55, 37), (-55, -26), (-1, 74)]"
"[(-59/9, -41/3, 21, -1/3, -15/2, -41/5), (-46, -85/9, -57, 16, 71/7, 47/3), (5, 7, 42, -29/3, 68/9, -37/4), (9, -29, -49, -78, -12, 89/5), (4/5, -47/5, -99/2, -32/5, 46, 25/3), (23/3, -37/2, 46/9, 77/10, 35/4, -25/4)]","[(95/8, -2, 93/5, 72, -44, -32/3), (47, 37/5, 12, 11, -65/3, 38/5), (63/8, -9/2, 27/7, -29/2, 47, -22/3), (-46/5, -9, 2, -47/3, -37, 0), (-6, 10, 20/3, 25/2, 25/2, -74/9), (-19/2, 67/6, 1/7, 20, -21/5, -17/9)]"
"[(76, 7/2, 11/3, 27/7, 88/5, -18, 24/5), (-23/6, 3, 53/9, 5/2, -26, -4, 42), (-74/9, 3, -10, 2, 43/5, -59/7, -50/7), (-52/5, -33/2, -95, 49/4, -77/6, -19, 90), (59/2, -45/8, 9/2, -29/3, 32/5, 16, 5), (64/7, 26/3, -13/10, 1/6, 24, -16/3, -56), (34/3, -80, 27/7, 5/6, 5/4, 46, 19/9)]","[(32/9, 13/2, 0, 31, 31, -10, 0), (-6, 20/7, 85/2, -7, 10, 94, 56/3), (28, 43/2, 11/8, -19/3, 70/3, 95/6, -46/7), (3/2, 26, 33/4, -36, -6, 46/9, -25/8), (5/2, 43/7, -90/7, 3/4, 91/5, -36, 90/7), (62/7, 75, 55/9, 87, 47/4, 38, -11/3), (33/2, -31, -49/10, -21, -55/9, 67/3, -26/5)]"
"[(-11, -16, 23/2, 60/7, 66/7, -17/2), (-8, -89, 30, 19/2, -22, -78), (46/5, 85, -7, -44/3, -28/5, 27), (76/7, 7/4, 64/5, 4/5, -43/5, -38/3), (19, -67/5, 5/2, 1/2, -28, -47/3), (12/7, 15/4, -60/7, -24, -45, -13), (47/4, 92/5, 89, 57/7, -16, 91/5), (-28, -31, 23/2, -71/2, -7/3, -91/3)]","[(10, 55/2, 43/3, 43/2, 10/3, 20), (-17/2, 94/5, -31, 26/5, 11/2, 17/9), (-5/8, 16/5, -54, 10/9, -91/3, -3), (-38/9, 39/10, 79/3, -49, 36, -26/3), (3, -6, -9, 17/5, -1, -46/5), (61/7, -21/5, 96/5, 18/5, 13/2, -84), (-16, 87/4, 83, 33/8, -18, 49), (-55, 14/3, -9, -43/2, 41/2, -81)]"
"[(-57, -77, -84, 70, -19, 59, -9), (10, 18, 69, 11, 11, -59, 25), (93, -43, -25, -85, -55, 82, 50), (72, -11, -22, -5, 93, -44, -89), (60, 48, 4, -38, -20, 98, -6), (55, -51, 69, -12, -27, -41, -34), (73, -18, -14, -99, 28, 89, 96), (53, -23, -17, -94, 36, 21, 41), (-92, 43, -100, -20, 80, 99, -91), (48, -45, -100, 17, 88, -17, 1)]","[(88, -81, 81, 35, 50, 64, -57), (-73, -79, 92, -25, 46, 86, 90), (66, -61, 30, -21, 18, 93, 77), (-97, -29, -91, -75, 44, 50, 96), (1, -31, -36, -26, 6, 32, -61), (90, 82, -13, -80, -47, 34, -78), (87, -52, -39, 12, 50, -65, 28), (-44, -60, 57, -31, 53, 81, 0), (47, 1, 27, -84, 4, -44, -2), (-76, 44, 70, 54, 8, 46, -85)]"
"[(89, 53, 71, -54, -53, -16, 88, 7), (-85, -38, 54, 99, 13, -20, -7, 98), (67, -85, 72, 94, 32, -67, -35, -53), (-13, 50, 97, -67, -81, 48, 55, 93), (-11, -6, -61, 40, 69, -11, 17, 96), (-43, 31, -18, 35, -22, 60, 71, 6), (17, -34, 43, -78, 44, -85, 86, -10), (42, -93, 37, 55, 47, -56, 64, 24), (-53, -96, -7, 22, 2, -12, 87, 28)]","[(19, 66, -80, -26, 42, -64, 33, -65), (66, -32, 80, -15, -5, 44, 69, 18), (-78, 1, -1, 18, 18, -26, -90, -61), (-43, 10, -28, -44, 22, -43, 15, -33), (32, 27, -55, 77, 53, 65, -75, 76), (95, 63, 45, 45, 79, 41, 22, -13), (1, -55, 10, 98, 18, -37, 88, -48), (48, 4, -23, 94, 81, -81, -65, 93), (26, -10, 65, 82, -4, -100, -46, -4)]"
"[(-10, 13, -40, 84, -27, -33, 47, 42, 14), (73, 98, 27, -87, -50, -54, 98, 80, 82), (65, -24, -84, 23, -2, 49, -5, 25, -98), (-19, -52, 65, -18, -4, -45, -71, 53, 92), (-39, -14, -99, 78, -18, 69, 28, 50, -34), (-100, -73, 12, 14, -78, 18, 4, 83, 6), (-48, 49, 97, 72, 6, 15, 96, 75, -26), (-87, 35, -16, 14, 23, 65, 72, -17, -65), (61, -64, -25, -87, 70, 8, 98, -76, -33), (45, 76, 90, -67, -31, 61, -21, 45, 40)]","[(-85, 97, 2, 13, 57, -88, 27, 25, -2), (-62, -46, -99, -81, 37, -94, 69, -38, -76), (85, 40, 80, -42, -69, -17, 86, -19, -56), (72, -43, -62, 92, 1, -40, 24, -46, 85), (-63, 61, -100, -19, -6, 90, -43, 59, -53), (29, 18, -24, -48, 36, -2, 45, -57, -23), (66, 72, 49, -51, 82, 8, 64, 17, 84), (-68, 60, -6, 3, -19, -9, 74, -86, -29), (77, 36, -86, -30, -54, -76, 12, 89, 21), (-83, -89, -87, 60, 35, -11, -88, 84, 9)]"
"[(85, 14, -42, 57, -20), (-89, -67, 99, 99, -10), (-21, -14, 32, 62, -55), (44, 62, 81, -1, 52), (36, 79, -19, 45, 55), (72, -35, 11, -89, -51), (-35, 56, -57, -59, 98), (-9, 62, -63, -28, 18), (31, 18, 83, -86, -45), (-66, 57, -57, -54, 28)]","[(69, -41, -40, 29, 98), (13, 48, 62, -6, 72), (45, -1, 13, -36, 43), (-72, 79, -52, -78, 76), (94, -82, -37, 30, 25), (32, -32, 99, 60, -86), (-64, 18, 52, 82, -36), (81, 76, -70, 25, -20), (87, 22, -80, -35, -13), (-15, -52, 49, -20, 86)]"
"[(15, 8, -19, -88, -56, -5, -42, 92, 37), (1, 35, 15, 70, -76, -11, 78, -62, 54), (-54, -13, 69, 98, 20, -98, -66, -98, 62), (-75, -64, 97, -8, -84, 67, -22, 7, -75), (-91, 32, 9, -89, -7, 98, 50, -81, -53), (-29, -41, 54, -19, 58, -98, 70, -97, -81), (40, -54, 65, 22, -32, -79, -50, -9, 64)]","[(-68, 34, 36, 6, 75, 35, -43, 21, 13), (-17, -2, 83, -67, -87, 27, -87, -56, -87), (52, -66, -25, -28, 71, 71, -25, 45, -45), (73, 97, -24, 30, 42, 51, -86, -56, 54), (10, 1, 65, 0, -86, 79, 17, -66, -48), (97, 79, 23, 93, -31, 2, 68, 34, 41), (9, -72, -86, -29, 44, 78, -95, -97, 25)]"
"[(-70, 40, -88, 73, -65, -7, -22, 17, -39), (13, 66, -4, 3, -99, 28, 98, -98, 59), (3, -20, -41, 55, -70, 88, -52, -56, 82), (89, 91, 47, 3, 28, 97, -57, 6, 53), (-19, 74, -93, -91, -48, -99, 56, -12, 85), (18, 14, -82, -37, 62, 14, -91, -78, 48), (-83, 12, 99, -31, -61, 46, 51, 10, 71)]","[(-44, 92, -58, 92, -51, 17, -46, 12, 38), (-92, 50, -98, 11, -40, 69, -54, 27, 25), (31, 86, 62, 68, 99, -89, -43, -79, -74), (-81, 19, 55, -99, -9, -25, 70, 24, 69), (-100, 36, 6, 40, -74, 82, -99, 38, 42), (2, 94, -90, 70, 1, -29, 49, 40, -97), (87, -68, 61, -73, -50, 96, -69, -83, -22)]"
"[(5/2, -9, 87/4), (-13/2, 86/5, -16), (15, 90, -73), (44/3, 2, -89/8), (9, -1/4, -15/4), (-10, -38/3, -1/3), (-47/5, -7/4, 37/7), (-50, 75/7, -37/4), (-77/10, 77/2, -57), (-77, 1, 59/2)]","[(4/7, -89/5, 42), (91/9, 33/4, 2), (-68/7, 68, 34/3), (79/7, 83/6, -97), (-81/8, 44, 44/5), (6, -32/9, -87/4), (1/3, -93, -27), (-9/10, -85/7, 76), (46/5, 45/7, -29/9), (23/6, 56, -11)]"
"[(-63, -79, 4), (68, 40, -78), (-73, 32, 55), (-11, 4, -76), (95, 98, 72), (95, 3, 86)]","[(-81, -66, 69), (-81, -50, -95), (-90, 84, -32), (88, -13, 74), (97, -38, 29), (28, 73, -73)]"
"[(-36, -28, 82, 1, -25), (-100, 70, -75, 57, -32)]","[(45, -78, 7, 74, -77), (-62, -6, 13, 13, 11)]"
"[(-24, 67, -19, -83), (-98, 89, -90, 66), (-12, 62, 86, 59), (56, 21, -5, -71)]","[(23, 9, -68, -85), (-72, -71, 8, 12), (-25, -35, -72, -25), (-78, -59, 66, -3)]"
"[(-97, 65, 70, -41, -66, 47, 66, 43), (68, 98, -87, -74, 60, -82, 45, 32), (47, 68, 21, 43, 84, -7, -8, -10), (96, 94, -56, -7, 37, 89, -28, 64), (-41, -95, -64, 20, 50, 18, 33, -10), (-76, -66, 79, -27, 70, 85, 2, -87), (-70, -48, 67, 16, 81, 9, 57, -42)]","[(-52, -20, 86, 89, -51, -96, -53, 38), (-91, 87, 53, 87, 8, 79, 31, 74), (78, -49, 97, -95, 60, 76, -77, 62), (-6, 19, 73, 42, 40, 40, 78, 56), (60, 81, -10, -8, 40, 31, -14, 60), (58, 0, -42, -15, 91, -5, -89, 53), (71, 77, 11, -34, 17, -28, -25, -4)]"
"[(-44/3, 5, -2, 61/6, 43/7, 49), (73, 35/8, -37/2, -97/5, -15, -28/3), (90, 69/10, -20, 77/5, -14/9, 8), (-13, -46/3, 89/6, 30/7, 11/4, 5/2), (-97/8, -92/9, -12, 3/5, -9/2, 20), (-50, -22/3, 81, -78/7, 4/9, -15), (0, -5, 43/10, -8, 74, 39/2)]","[(71/8, 99/10, 7, -24/5, 58, -1/3), (-21/8, -93/10, 34, 8, 77, 16), (-26, -23/2, 15, 15, -47, -10), (27/2, 5/2, -6, -15, -17, 17), (87/7, 23, -81/2, -23/2, 17/4, -62/5), (-13/10, -9, -79, 53/7, 10/3, -11), (29/2, 3/4, 41/7, 21, 71/8, 5/8)]"
"[(-78, 64, -88, -60, -85, -97), (-88, -56, 59, 41, 22, 69), (41, 41, 59, 69, -98, 53), (32, 13, -73, 7, 8, 40)]","[(-76, -59, -57, 73, 95, -73), (-96, 52, -84, -34, -25, -22), (60, 24, 80, -9, 11, 41), (-28, 44, -57, -23, -37, -87)]"
"[(-51, 17, -39, 20, 1, 6, 29, 91, -14), (39, 48, 73, 82, -75, 11, 62, 77, 90), (74, 56, 56, 22, -77, -25, 49, -79, -74), (-49, 39, -33, 38, 21, -56, 21, -10, -6), (-86, -53, 61, -16, -54, 65, 65, 63, -53), (-93, -13, -70, -56, -2, 66, -3, -5, 10), (-85, -11, 76, 72, 28, 8, 56, -97, 53), (81, 95, -70, 49, 32, 13, -87, 49, 80)]","[(88, -46, 23, -74, 28, 52, -77, -15, 39), (-42, 32, -10, -85, -77, -59, 45, -19, 45), (-48, -85, 48, 68, 45, 20, 80, 86, -4), (-59, 28, 13, -71, -86, 64, -38, -57, -29), (65, -81, -62, -92, -8, 82, -75, 8, -16), (57, -48, 28, -36, -25, -58, -6, 53, -12), (34, 65, 71, 86, -96, -99, 40, 62, -6), (91, 51, 95, -56, 86, -38, 34, -56, 99)]"
"[(49, 17, 87, -95, -57, -30), (-94, -52, -56, -86, -33, -28), (-33, 25, -55, -94, 57, -98), (57, 79, 86, 81, 79, 40), (90, -21, 44, -77, 47, 64), (98, -21, 81, 99, -6, 40)]","[(-61, -18, 76, 76, 7, -24), (15, 42, -55, -82, -44, 19), (-19, -87, 13, 76, -18, 1), (-100, 9, -9, 2, -42, 15), (67, -86, 14, -92, 58, 84), (34, 26, 42, 96, -51, -34)]"
"[(-20, 88, -21, 7, 58, -92, -35), (-53, -3, -60, 39, -19, -53, -29), (-61, -17, -87, -82, -48, -92, -4), (-90, -41, -30, 69, 70, 28, 20), (-29, 28, -44, 37, -68, -46, -31), (15, -55, -36, -24, -16, 88, 79), (-39, 78, -91, 40, -88, 41, -25), (93, 66, 74, 92, 70, 86, 51), (-69, 53, 74, -88, 98, 30, -40)]","[(-45, 43, -88, -12, -45, -64, 70), (12, 71, 38, -9, -39, -63, -56), (-62, -45, -22, -47, -28, 30, 43), (11, -88, 96, 76, 15, 38, 40), (56, 15, -49, -45, 66, -60, 58), (92, -59, 10, 98, -82, 58, -15), (-53, -63, -9, 17, -58, -26, -22), (-45, -69, 98, 8, 29, -12, 22), (-95, -56, -92, -5, 86, -75, 87)]"
"[(42, -36, 98, -51, 19, -61, 76), (-18, 14, 44, 81, -72, 53, 12), (21, -47, -27, -43, 19, 72, 9), (-38, -59, -51, -35, -61, -27, -89)]","[(-95, 45, -41, -33, 98, -93, -42), (-100, 31, -52, 68, -28, -21, -4), (53, -54, 50, 78, 17, 80, -99), (32, -5, -85, -20, -71, -54, 9)]"
"[(-87, 9, -78, 12, 40, -87, 0, -94), (20, -13, 39, -69, -86, 6, -26, 0), (30, -52, 50, 94, 94, -97, 38, -69), (-100, 65, -72, -24, -97, -20, -89, -2), (36, 60, -95, 36, 10, -12, 85, -25), (-15, -55, 59, 96, -38, -97, -1, 51), (96, -76, -41, -83, -67, -15, -27, -51), (-96, 93, -42, 67, 31, -12, 39, -94)]","[(33, -35, 5, -14, 61, 73, 82, 81), (-62, 56, 57, 18, 69, -91, 11, 41), (86, -84, 60, 41, -91, 11, 15, -99), (-39, -7, 23, 97, -78, -85, 1, -45), (-79, 41, -4, 61, -99, -4, -91, -12), (89, -63, -40, -31, -44, 15, -74, -45), (-47, -63, -21, 95, 79, 23, -62, 47), (97, 5, -49, 82, -57, -22, 98, -24)]"
"[(-1, 46), (53, -26), (22, 96), (82, -39), (-73, 96), (43, 44), (-71, -56), (73, -67), (0, 77)]","[(-92, 76), (43, 34), (5, 40), (52, 43), (-9, -15), (46, -69), (-6, -10), (-86, -6), (-61, 61)]"
"[(-42, -47/3, 12, 65/2, -3), (-23/5, 4, 27/2, -61/4, -62/7), (-19/2, 0, -91/10, -71/2, 83), (-41/5, -55/3, 7/5, 4, 3), (-30, 9/2, -74/7, -19, 81/8)]","[(-85/9, 14/5, -82/9, 3, 19/4), (-38/7, -1, -53/2, 57/7, -4/3), (-7/9, -46, -98/5, -45/4, -31/6), (-37/2, 10, 49, -19, 23), (-58/9, -4/9, -29/5, -22, -1/3)]"
"[(62, -17, -77, 51, -5, 80, -55, -38), (-78, -8, -45, 66, -35, 21, 88, 29), (-42, -33, -31, -73, 35, 16, -73, -20), (49, -22, -95, -80, -39, 11, -91, -11), (91, -62, -83, -54, -32, 67, -73, 54), (86, 6, 67, -20, -77, -64, -25, 4), (-13, -39, -100, 41, -69, 52, 86, 74)]","[(-30, -18, 1, 77, -85, 97, -46, -54), (81, 37, 19, 15, -51, 98, 46, -65), (3, -75, -75, 66, 66, 12, -87, 2), (46, 95, -44, 58, 36, -34, -57, -58), (63, 98, -30, 82, -76, -37, -54, -69), (0, 15, 54, 17, 66, 80, 75, 47), (32, -71, -83, -86, 17, -86, -56, -91)]"
"[(44/5, 47, -32/3, -18/7, 31/3, -7/3, -67/8, -71/4), (-14/3, 88, -75/4, 40/3, -43/2, 25/2, -8, -25/7), (-75, -63/8, -80/9, 49/8, -12, 3/4, 85/3, 91/3), (4, 58, 65/8, -29/4, -79/7, 13/6, -39, 62/3), (54/7, -8, -15/2, 9, 34/3, 13, 77, 32/3), (18/5, -47/4, 77/3, -45, -6/7, -93, 5, -15), (-86, -18/5, -32/5, -31/7, 39/10, 5/2, 74/3, 8), (-53, -8, -8, -75/8, -76/9, 54, 96, -17/2), (0, 29/4, 97/3, -64/9, -46/9, -85/8, 51/8, -47/4)]","[(-13, -35, -71, 65/2, -100/3, 3, -33/5, -32/3), (-1/2, 5/3, 50/3, -19/5, 7, 7/2, 27/5, 23/4), (-39/5, 12, 48/7, -95/8, 11/3, 19, -7, -4/3), (7/4, 23/5, 67/10, -71/5, -29/2, -46, -19/2, -7/3), (4, -43/10, -49/3, 72, 5/3, -64/9, 19, -62/7), (49/8, 81/10, 34/9, -12, -9/7, 60/7, 26, 33/4), (-39/5, -71/7, 29/6, -76/9, -37/5, 2, -77, -66/5), (-51/8, 54, 95/4, 53/4, 46/5, 11/4, -22/9, 78), (-100, -21/2, 8, 81/5, -5, -6, -7/10, -61/8)]"
"[(97, -17, 62, 81, -96, 15, 5, 83, 62, 34), (10, 95, 83, -18, -44, 71, -83, 9, -14, -98), (84, 29, -66, -87, 99, 8, 6, 93, -68, 58), (-69, -65, -58, 48, 58, -84, -98, -59, -92, 28), (24, -75, -31, -63, -41, 66, -100, 68, 19, 37), (16, 28, -65, 51, -70, 0, -41, -48, 97, 5), (27, 59, -21, -74, 31, 22, -82, 6, -11, 18), (-98, -2, 6, 23, -100, -50, 52, -74, 41, -96)]","[(70, 68, -79, -48, -94, -87, -88, -31, -5, 4), (27, 9, 34, 76, 92, 92, -49, 23, -79, 12), (44, -19, 42, 7, -67, -2, -5, -84, -21, 55), (-7, -40, -96, -50, 91, 17, 98, -50, -17, 3), (99, -16, 40, -17, 17, 31, 71, -7, 70, -57), (9, -53, -72, -52, 35, -42, 70, 2, -15, -64), (-44, -68, -23, 57, -75, 5, -16, -6, 91, -92), (63, -71, -71, -59, 72, -38, 70, -77, 10, 94)]"
"[(-17/4, 8, -1/2, -72/7, -23/6, 75/8, 3/10, -84/5, -41/2), (-47, 67/6, -97/5, 43, -14/3, -1/7, -17/5, -9/4, 59/6), (-17/2, 47/6, -25/6, 46/7, -27/4, 27/7, -5, -53, -43/10), (-100/3, 27, -55/7, -48/7, -93/8, -83/8, -12, 86/5, -76/5), (-4/3, -77, 53, 16, -88/3, 77, -38, 81/5, 50/7), (42, -25, 15/7, 41, 9/2, -22/3, 13/2, 60, 10/9)]","[(87/8, 55/6, -81/8, -75/4, 12, -21/5, -11/7, 43/8, -19/3), (-7/8, 26, 83/3, -71/6, 5/3, 0, 84, 23, 5), (-18, 9, 33/7, 61/4, 74, 10, 49/8, -11/7, -39), (75/4, 11/3, 73/9, 20, -3, -48/5, -31/10, 91/9, 61/4), (-67/10, -15/2, 27/7, -77/6, -33, 57/7, -2/5, -17, -97), (-69/4, 26/3, -63, -16/7, 5, 99/2, 17/5, 73/10, -57)]"
"[(-83, 39, -73, 62, -48, -41, 75, 11), (-8, 23, -35, -11, 61, 0, -84, -59), (60, 74, -40, -18, -27, 79, -35, -43), (44, 60, 55, -59, 13, -86, 9, -69), (81, 77, -28, 96, -38, -14, -87, -73), (42, 25, 98, 19, -56, 79, -61, 71), (65, 23, 82, -23, -71, 29, 40, 38), (-21, 67, -98, 23, -93, -34, 66, 97)]","[(-75, 34, 81, -62, 46, 37, 61, 90), (42, 24, 28, 23, 18, -47, -82, -64), (-76, -33, -48, 16, -4, 55, -16, -88), (-58, -20, 85, -48, 33, 52, 69, -82), (-68, -18, 5, 97, -4, -71, 13, -12), (-93, -8, 72, -16, -11, 92, -57, 22), (-75, -27, 66, 49, -20, -12, 73, 93), (-27, 43, 25, -90, 82, -11, -38, 90)]"
"[(94, 55, -52, 27, -84, 63, -7), (-22, -88, -16, 17, -86, 6, -7), (59, -21, -6, 90, -5, 23, -22)]","[(18, -59, 93, -60, -63, 49, 6), (-24, 55, -83, 72, -4, -95, 6), (60, -73, 69, -44, 50, 89, 73)]"
"[(-75, 18, 45, 33), (42, -8, -77, -18), (83, 18, 11, 40), (-10, -38, 76, -9)]","[(62, 64, 87, 51), (-41, -27, -69, 52), (-17, 25, -97, -82), (30, 31, -1, 50)]"
"[(34, -29, 34, -73, -28, -8, 52, 10, -5, 70), (83, 10, -70, -21, -32, -10, 60, -6, 95, 43), (30, -74, 30, 13, -80, 36, 96, -69, 56, -60), (97, -72, -63, 51, 63, -19, 99, -11, 10, -70), (59, 61, -59, 54, -86, 12, 42, -66, -56, 89), (23, -38, -51, -44, -10, -24, 63, -28, 87, 7), (87, -14, 96, -71, 25, -63, -33, -21, -78, -18), (-83, 14, 46, -21, -77, -23, -51, -84, 72, 87), (30, 99, -50, 9, -63, -86, 37, -98, -41, 9)]","[(-63, -99, 94, 32, -47, -94, -43, -24, 1, 40), (-70, 34, 76, 12, -87, 81, -96, 63, 9, 54), (-57, -34, 35, 6, -50, -6, 9, -12, 89, 67), (6, -69, -73, -56, -70, -54, -100, -44, -7, 6), (-98, -29, -97, 61, -3, -41, -29, -88, -69, -41), (-36, -23, 87, 90, -7, -28, 97, 48, 27, -75), (17, 7, -79, -72, 2, -57, 58, -13, 82, -65), (27, -93, -88, -85, -21, -7, -47, 87, -8, -65), (-69, 39, 87, 77, 28, -57, 12, -74, 44, -53)]"
"[(70, 61, -29, 36, -63, 48, -49, 63, -28, 29), (71, -100, -47, 65, -64, 77, -31, -52, 80, -4), (86, 47, 22, -40, 41, -42, -42, -87, -22, -13), (-72, -57, 76, -62, 12, 36, -88, 0, 71, 55)]","[(95, -95, -15, -36, 94, 31, 56, 44, -43, -48), (26, -63, -57, 97, -58, -34, -97, 97, 13, -94), (-67, -56, 86, -24, 53, -21, -32, 76, -71, 43), (92, -90, -59, -6, -57, -32, 81, 24, 20, -80)]"
"[(52, -41, -32, 9, -83), (28, -41, -38, 77, 56), (-50, -78, 62, -82, 91), (70, 79, -57, 72, 9), (37, 40, -98, 2, -40), (-80, 83, -65, 11, 38), (94, 90, 62, 98, 47), (51, -26, -29, 66, 89), (-26, -15, -100, -56, 94), (-18, 22, 45, 69, 42)]","[(-77, -21, -96, -82, 85), (-53, 65, -75, -98, 31), (-65, -52, 50, -46, -49), (-31, -90, 83, 95, 29), (-70, -18, -93, 88, 94), (50, -97, -63, -42, -15), (72, 7, -25, 99, -100), (-87, -91, -27, -49, -58), (-11, 60, 28, 92, -65), (-37, 4, 30, -96, 95)]"
"[(3, -6, -68/5, -3/2, 33/5, -13/2, -23, 7/2), (-36, 4, -63/5, 13, 31/9, 43/5, 34/3, -48/5), (-68, -7/5, -31/3, -63, 7, 48/5, 41/10, -7/4), (17, 40/7, 69/8, -26/3, -8, -1, -15, -73), (2/5, 41/3, 34, -7/2, -10/7, 91, 11/5, -85/2), (21/5, 55/7, 35/2, 9, -53/8, -23/5, 38, 95/9), (50/9, -34/5, -15/2, 28/5, -17/10, 25, -81/7, -74/5), (26/5, 5, -32/9, -47/2, 17/2, 6, -4, 5), (9, 18/5, 56, -86/5, 61, -29/2, -13/6, -13/2), (24/5, 7, 8/3, -7, -97/4, 3, 51, -67)]","[(-31/2, 48, -19/3, -4, 8, 45/4, 69/7, -43/2), (57, 8, 59, 18, 13/6, -72, -43/3, -12), (-20, -33/2, -21/2, 37/7, -6, -36/5, -82, -25/2), (-10, -4, 17/9, -45/2, -43/4, 93/4, 55, 1/6), (-7, 52/5, 15/7, 25, 18, -79/2, 6, 17/3), (-13/2, -21/2, -65/7, 79/7, -2/3, -21, 1, 79/2), (-52/9, 5/4, -3, 40/9, 35/3, -74/3, -97, -56/5), (21, 89/3, 44/3, -47/6, 29/3, -30/7, -21, -49/5), (37, -67/9, 41/4, -38/3, 37, -47/4, 83/4, -5/4), (-19/2, -2/5, 26, -10, 53/5, -35/2, -8, -28/9)]"
"[(83, -88, -53, 38, -88, 25), (-88, 42, 71, 49, -44, -47), (-64, -93, 71, -40, -77, 46), (-48, -97, -2, 4, 38, -78), (8, 40, -97, -84, 80, 69)]","[(-41, -27, 37, 5, 73, 75), (-60, -61, 78, -36, 8, 46), (-44, -17, 47, -88, -9, 36), (-57, 32, 8, -52, 55, -27), (40, 50, 67, -4, 35, 50)]"
"[(6, 54, -78, -36, -53, 19, -53, -81), (-60, 65, 2, 4, -24, -45, -55, -61), (80, 6, 8, 82, -40, -11, -85, -11), (-85, 96, -52, 67, -91, 83, -70, 18), (3, 54, -4, 86, 49, 74, 73, -12), (39, -49, 71, 61, 24, 0, -22, 8), (6, 6, 52, -53, -23, 85, -44, 77), (-68, 25, 22, -85, -17, 53, -25, 95), (89, -53, 87, 99, -71, 29, 97, -100)]","[(-25, 70, 36, 55, -98, -14, 49, -92), (8, -94, 96, 20, -28, -7, -82, 72), (53, 21, 98, 86, -36, -92, 33, 44), (-83, 34, 46, -52, 3, -61, 4, 68), (6, 0, -9, -56, -87, 43, 60, -90), (-89, 10, -92, 87, 75, -9, 80, 81), (26, -62, -80, 20, 83, 60, 60, -58), (64, -28, -24, 18, 74, 37, 11, -71), (4, 17, -61, -39, -50, -93, -68, -67)]"
"[(20, 50/3, 71/8, 47/2, -78, -17/9, 22/3, 37, -67), (32/9, -19, 32/3, -27/2, 6, -34, -3, -68/9, 94), (-88/9, -29/2, 38, 51/2, -33, -32, -13, 26, -43), (76/7, -61/7, -23/2, 10, 8, -37/3, -13/5, 11/2, -12/7), (65/7, 68/3, -17/4, -27, 38, 25/3, 53, -25/3, 19/5), (-16/3, -97/6, 15/8, -19, 14/3, 21, 37/8, -85, 49/3), (-72/7, 73/9, 9/2, 29/9, -1/3, -3, -2, -71/3, 88/9), (-25, -86/5, -89/7, 37/4, -7/2, -8/3, 92/3, -33/5, -59/4), (8/3, -27, -27/4, 23/4, -13, 3, -16/3, 67/10, 14/5)]","[(-93/10, 32, 23/3, 4, -85/6, -17/2, 58/7, -42, 19/2), (-7/2, -95/7, 12, 9/4, -77/2, -39, -79/4, 1/3, -1/9), (22, -29/3, -69/8, -19, -41/4, 57/8, 91, -71/10, -58/9), (-9, 27/2, -24, 67/2, 5/2, -17/3, -17/3, -37/7, -9/2), (80/3, -7/5, -83/4, -44, 18, -3, -19/2, 19/6, -7/5), (-93/7, -19/2, -30, -1/2, -23, -55/4, 29/3, -79/10, 67), (11/2, -2, -41/4, 57/8, 31/2, -13/9, -91, -98, -16/9), (-33/8, 9/7, -6, 47/4, -27/10, 8/3, 46, 27/8, -43/4), (20/3, -41/3, -34/3, -41/7, -74/7, 89, 26/3, 12/5, 95/8)]"
"[(-24, 76, -40), (-78, 91, -85), (12, -27, 93), (31, 42, -72), (-55, 91, -1), (-13, -66, 66)]","[(3, 73, 13), (50, 95, 30), (-84, -16, -38), (-15, -36, 35), (-64, -84, 72), (-85, 90, -36)]"
"[(77/5, -4, -31, 10, 8, 43, -71/5, -57/10), (-14, 28/3, -50, -73/8, -23/3, 71, -91/6, 7/4), (-21/4, 89, 47/7, 22/9, 21/10, -6, 31, -58), (-29, 13/8, -49, -39/8, -41, -9/2, 26/3, 27/5), (71/8, 17, 8/3, -5, 75, 25/2, -14/5, -55/4), (-25/2, -86/7, 55/6, -44/7, -78/5, 53/7, 97/8, -29/4), (19, 76/5, 33/5, 22, -80/7, 85/7, -97/2, 23/3), (-1, 16, -83/3, -33/7, -28, 13/3, -19/9, -22)]","[(43/10, -29/3, 1/10, -65, 42/5, 86/3, 8, -2/3), (19/2, 18, -13, -47/3, 97, -87/2, 33/2, 25/2), (3, 69, -43/4, -21, 48/7, -100/3, -79/2, 73), (-96/7, 59/7, -6, -95/6, 23/7, -22/9, 61, -29), (-45/7, 81, 86/9, 82/7, 99/4, 44, 55/9, 91/5), (80, -3, -65/6, -22, 5, -44/3, 40, -18), (4, -19, 17/7, 14/3, -11/2, 53/7, 17/2, 77/6), (45, -22, -20, -1/10, -15/7, -43/4, -8/5, -32)]"
"[(-24, -75, 24, 81, -30, -5, 82), (32, 26, -28, 32, 47, 7, -94), (92, -25, -85, -21, -46, -80, -26), (-35, 98, -74, 34, -50, -79, 67), (77, 94, 78, 91, 36, 88, 50), (-25, 32, 39, 45, -26, 31, -41), (22, -42, 48, 91, 74, 41, 41), (-70, 63, -30, 41, 19, 34, 30), (-30, -32, -32, -73, 82, 24, -78), (-71, 94, -33, -49, 49, 11, 18)]","[(83, 16, 73, -24, 18, 39, -20), (43, -97, -90, -30, 52, -30, -1), (-38, -96, -8, 37, -96, -68, -54), (51, 17, -32, -61, 90, 88, 87), (-48, 37, 3, 92, -52, -65, 35), (-3, -23, -66, -35, -50, 19, 57), (-97, -37, -55, 14, 4, 33, -59), (-1, 43, 8, 29, -8, 13, -92), (55, 73, -30, -29, -73, -10, 80), (-59, -62, -18, -99, 96, 4, 12)]"
"[(11, -13, 36, -3), (-100, 6, -20, -82), (-58, -39, -80, 63), (37, -89, -81, 78), (-48, 69, 99, 51), (39, -62, 87, -22), (74, -58, 76, 71), (-40, -89, 36, 17), (-43, -28, 51, -77)]","[(-18, 11, -66, -31), (-50, 74, -47, 19), (-85, 41, 15, -1), (-80, 42, 81, 77), (85, 85, -10, 7), (-78, -5, 29, 18), (52, -77, 10, -57), (41, -100, -3, -30), (33, -85, -94, 7)]"
"[(-1, 67, 27, -85, -80, -62, -45, -44, 47, -60), (68, -70, -96, 34, 88, 39, -69, 33, 69, 40), (5, 31, -39, 85, -54, 18, 60, 40, 82, -43), (-22, 56, 93, 91, -29, 79, -14, -16, 50, 77), (-78, 20, -72, -79, 55, 51, 96, 97, 29, -59), (-72, -33, 29, 27, -40, 21, 51, 90, -68, -45), (-34, -46, 93, -33, 67, 2, -54, -51, 43, -47)]","[(-39, -53, 15, 97, 9, -34, -69, -94, -83, -26), (-20, 69, 57, 73, 53, -5, 31, 64, -67, -70), (55, 81, -83, 76, -52, 96, 88, -28, 29, 91), (-20, 45, -2, 3, -34, 48, -61, -30, 73, -33), (-10, -59, -96, -88, -6, 1, 81, 18, 12, -34), (71, -33, 65, -94, 44, 22, -80, -64, -80, 5), (-48, 30, 84, -41, 9, 12, 72, 60, 20, -2)]"
"[(54, 47, 80, -39, -4, 42, -91), (54, 15, 53, -42, -19, -77, 86), (-97, 29, -12, 31, -88, -85, -89), (-39, 91, 34, 58, -45, -69, 24), (18, 2, -70, -60, 79, 1, 66)]","[(64, 18, -62, 49, 38, -74, 37), (76, 43, 87, -74, -100, 13, -83), (41, -12, 15, -48, -26, 44, 7), (56, -33, -23, -16, 34, 25, 17), (-16, 43, -97, 29, -2, -45, -83)]"
"[(2, 28, -78), (-46, -64, -76), (75, 51, -65), (18, 28, 30), (53, 94, -68), (-27, -90, 49), (-97, -63, 7), (40, -18, -16), (94, 28, 28), (-63, -42, -60)]","[(-5, 44, 19), (-41, 73, -36), (-63, 57, -63), (-4, 17, -78), (42, -9, -53), (-39, 80, 80), (-33, -33, 19), (32, 43, -79), (48, 23, -24), (1, -71, -66)]"
"[(7, 97, 8, -5, -23), (-58/5, -20/7, 8, -24, 29/6)]","[(92/5, 10, 5, 67/10, 26/3), (-15/2, 25, 63, -71/8, 4)]"
"[(-68, -53, 6, -67, 40, -90, 34, -12), (65, -84, -65, 35, 32, 85, -42, 99), (75, -75, 26, 87, -18, -90, -21, -27), (94, -13, 57, -66, 62, 54, 52, 99), (-25, -2, -5, 85, -17, -93, -97, -42), (-16, -49, 38, -5, -94, -4, -10, -10), (71, -81, -30, 19, -69, 23, -58, 7), (94, 86, -74, -16, 17, -88, -44, -52)]","[(65, -24, -79, 29, -29, -5, 58, 46), (9, 24, 67, -18, 46, 45, -58, -74), (16, 75, -26, 49, 65, 77, -93, -50), (-54, 15, 60, 57, 7, 77, -59, -77), (9, 55, 14, 9, 40, -50, -98, -2), (77, 21, 17, -6, 81, -70, 17, 93), (55, -41, -43, -58, 67, 93, 15, 54), (-83, 82, 83, -21, -90, -50, -37, 73)]"
"[(-66, -25, 49, -38, 4, -72), (-44, -42, -32, -81, 91, 90), (88, -17, 49, -11, -97, 98)]","[(46, -65, 51, -43, -28, -81), (39, 23, -3, 56, -36, 73), (53, -5, -2, 81, 89, 37)]"
"[(22, -67, 95, 15, 36, -46, -7, -54), (-59, -68, -32, 37, 36, -99, -7, -70), (-4, 82, 24, 82, 22, -10, 83, -38), (-29, -78, 9, -31, -37, -51, 19, 15), (-96, -98, -86, -60, -54, -44, 19, -77)]","[(-41, 48, 23, 47, -77, -57, -96, 58), (64, -14, 35, -9, 91, 1, 55, -67), (-18, -32, 21, 93, -71, 0, -20, 13), (-7, -55, -72, -86, 39, -17, -8, -50), (3, -80, -35, 6, -44, 57, 50, 21)]"
"[(-93/5, 18, 3/2, -23/4, 4, -25/3, -77), (-27, -92, -28, 15/4, -51, -10, -55/4), (-53/6, 61/7, -3, -75/4, -43/4, 25, -43), (52, -89/9, -87/8, 34/7, -48/5, 71/7, -84), (-66, 99/5, -20/3, -19/8, 67/9, 93/8, 79)]","[(-73, -9/4, 2, 43, 8/3, 47/9, -7/6), (67, 64/3, 79/9, -89/4, 18, -31, 2), (-26/3, -43/2, 95/2, 23, -3/7, -16, -38/7), (-39/4, 77/2, -27/7, -62, -6, 21, -15), (21, 12, -89/9, 90/7, 21, -68/5, -22/9)]"
"[(-92, 66, -5, -18, -62, 17, -40), (20, 64, 65, 79, 27, 53, -99), (71, -92, -62, 52, 65, 30, -70), (-61, -14, -45, -92, 56, -1, -100), (11, -19, 99, 48, 77, 46, -57), (-1, -77, 66, -97, -35, -30, -3), (-23, -76, 16, 16, -22, -54, -17), (-64, -92, -18, 22, 88, -55, 79), (92, 13, 25, -56, -41, 22, -55), (-77, 27, -61, -18, -14, 97, 33)]","[(94, 35, 81, 5, -65, -54, -31), (68, -92, 14, 34, -36, -84, 12), (-53, 77, 15, 37, 15, -26, -35), (-68, 42, -3, 87, 63, -5, 83), (-1, 44, 2, 49, 85, 24, 7), (65, -91, 42, 80, -81, -4, 51), (74, -28, 24, 27, -83, -79, -61), (-97, 1, 66, -39, 82, 37, 49), (-94, -59, -39, 1, -16, -2, 46), (98, 52, -58, -29, -20, 42, -87)]"
"[(-25, 72, 2, 28, 14, 93, -53), (19, -49, -66, -13, -3, -47, -83), (-67, -74, 95, -99, -58, -72, -75), (-11, 5, -73, 48, 46, -37, -96), (83, -13, -29, -44, 87, -65, -61)]","[(75, 56, 29, 54, 90, -38, 69), (50, 57, 66, -76, -12, 78, -90), (9, 32, -14, -98, -90, -89, -71), (32, 49, -59, 49, -80, -50, -48), (-14, -17, 6, 63, 90, -49, 52)]"
"[(32, 91, -9, 5, -100, 74, -3, 92, -24), (-86, 31, -24, -58, 17, -15, -63, 39, -91), (65, -7, 8, 40, -55, -81, -23, 8, -44)]","[(59, 94, 99, -34, 91, 56, 43, 6, -89), (-9, 47, -52, -71, 85, -28, 46, -19, 91), (-14, -100, 31, -96, -21, -42, -17, -42, 11)]"
"[(66, -39/4, -54, -2/9, 37/2, 55/4, -1/3, 60/7, 13/8), (53/2, -34, -22, 6, -54, 47/2, 32/3, 83/9, -25), (3/2, 32, -27/2, -87, 8/3, -71/6, 11/2, -25/4, 14/3), (74/5, 91/2, -68/5, 35/9, -13/7, -33/2, -32/3, 77/6, -19), (62/9, -4, 4, 71/7, -24/5, -77/6, 75/4, -97/4, 4/5), (18, -38, 24, 31/4, -58, -8/7, 27/8, -8/3, 59), (-51/7, -27/2, 5/2, 51/2, 100/7, 47/2, 6, -1, 33), (-2/7, 25/4, 58/3, 9/2, 71/8, -47/2, -37/5, -51, -24/7)]","[(-8, 37/3, -7/4, -51/5, 6, 5, -77, 30, -29), (57/2, 55/9, 21/2, 7, 48, 59, -3/2, -93/8, 7), (5/3, 52/7, -19/8, 11/8, -23/5, -33/2, 6, 48, -33/2), (-74, 32/9, 37/10, 52, -28, -8/3, -14, 93/10, 69), (-21/2, 35, -15/2, -38, 79/10, -47, 28, -16, -7/8), (-77, -33/7, -33/2, -45, 10, -67/9, 49, 100/7, 47/4), (51/5, -69/4, -10/3, -71/4, 49, -22, -57/5, 32/7, -98/9), (3/2, -9, -75/8, -7/2, 6, -17, -39/7, -71/5, 5/4)]"
"[(-10, 76, -45, -79), (11, 42, 60, 75), (-85, 63, 21, -5), (46, 61, 36, 45), (-58, 68, 14, -4), (-39, -99, -94, 85), (-50, 67, -26, 3), (62, 35, 50, -80), (-68, -27, 6, -68), (86, 27, 64, 48)]","[(-40, 0, 42, -54), (-3, 57, 12, 69), (-67, -4, 17, -27), (87, 97, -6, 24), (23, -39, -53, -49), (70, -12, -47, -16), (-95, -59, 67, 78), (-60, 65, -43, 71), (-41, -48, 54, 97), (99, 10, -28, -98)]"
"[(17, 48, -3, 57, -40, 63, 7, -93, -74, -61), (73, -100, -54, 59, 32, 91, 10, 92, 62, -61), (-12, -43, -49, 39, 54, -61, -53, -59, -19, -80), (-14, 47, 93, 36, -20, 21, 38, -31, -57, 25), (-50, 92, 54, -44, 18, 81, 18, -25, -73, -27), (1, 62, 91, 24, -63, 89, 54, 0, 29, -40), (-42, -81, -47, 31, -60, -11, 23, 76, 81, 83), (56, -97, 78, 92, -96, 68, -17, -77, 69, 2)]","[(93, 4, -35, -92, 74, -14, -50, 84, -81, -79), (45, 58, -76, -41, -62, 1, -17, 65, 62, 68), (-81, -3, -84, 76, 88, -79, -48, -57, 88, -57), (15, -26, -80, -21, 92, 87, -39, 9, 7, 96), (-13, 53, 11, -96, 12, -39, 59, 59, -24, 5), (-16, -33, 41, 77, 73, -3, -51, -30, -3, -69), (94, -46, 34, 5, -4, -92, -42, 45, -66, -48), (-41, 34, -45, -45, 39, -31, -97, -24, -21, 59)]"
"[(-35/6, -79, 19, -28/9, 82/3, 4/5, 10, 9, -8, -11), (-78, -17, 52, -89/7, -57/10, 33, 2/3, -19, 8, 22/5), (-97/4, -13/2, -96/5, 13/8, 7/2, -1/2, -3, -36, 1, 22), (-84/5, -7/3, 22, 91/4, 55, -16, -75/4, 69/7, 13/2, -29/7), (-61, -28/3, -43, -50, 23/9, -29/5, -54, -5/8, -4/3, 91), (51, -83/5, 6, -4/3, 8, -67, 33/5, -74, -39, 23/3), (-21/2, 37, 1, -17/5, 59/9, 27/4, 14, 35, -53/7, 14/9), (-5/3, 70, -4/5, -53/7, 86/3, 10/3, -13/9, -12/7, -49/9, 48)]","[(61/6, -97/9, 3/5, -9, 94/5, -1, -9/2, 5, 41/3, -21/2), (-26, -47/4, 87/10, -39/10, 41/3, -11/3, -51/5, 38/3, -8, 22/5), (16/3, 26, 67/8, -77/10, 17/8, 3, -29/9, 84/5, -63, -63/4), (51/7, -32/9, -57, 43, -29/5, -75, 97/9, -3/2, 21/2, 73), (-64/7, 21/5, 8/7, 3, -19/2, -49/5, -26/3, -7/6, 11/3, -1/5), (-19, -37/4, -89/10, 93/2, -10/3, 12, -3, 64/5, 4/3, 69/8), (82/3, 33/5, -55/8, 15/2, -9/4, -46/3, -97/5, 11/7, -46/5, -15), (50/3, -43/2, -2, 3/5, -32/5, 71/5, -91/6, 95/7, 77/5, -35/2)]"
"[(65, 3, 29), (-86, 14, 9), (94, -10, -59), (-75, -23, 14), (46, 59, 13), (-91, 7, -94), (-21, 79, 29), (-77, 14, -18), (19, -30, -43), (-95, 95, 21)]","[(-7, -43, 92), (65, -36, -91), (-51, 25, 25), (-83, -70, -97), (-3, 24, 93), (95, 82, -78), (-93, 22, 56), (-29, 78, 15), (-73, -39, 8), (-57, 62, -58)]"
"[(20, 77, 5, -41, -78, -67, 74, -74), (-73, -16, 78, -68, -8, 59, 97, -28), (-36, -46, 1, -94, 78, 79, -50, -63), (-92, 22, 76, 60, 55, 79, 42, 81), (-52, -22, -47, 2, 83, -98, -63, -90), (-11, 51, 57, -69, -43, -33, 37, -25), (23, 65, 70, -59, 32, -97, -10, -60), (-19, -47, -42, 98, 28, -21, 21, -22)]","[(5, 64, 57, 9, 35, 7, 21, 46), (-21, -41, -6, 14, -96, 75, -81, -29), (-97, 79, -43, 37, 57, -73, -76, 78), (27, -72, -81, -95, 82, 91, -12, -45), (-39, -51, -30, 21, -38, 44, -27, 29), (17, -36, 92, -9, 91, 42, -85, -62), (-41, -5, 11, 9, 33, -83, -21, -89), (82, 47, 55, 95, -69, 51, -48, -89)]"
"[(-37, -95, -93, 98, -15, 25, -91, 9), (-23, -96, 75, -36, 16, -97, -30, 2), (59, -83, -26, -9, -59, -86, 52, 93), (-59, -100, -4, -43, 55, 15, -79, -54), (16, -12, -91, 76, -73, 64, -43, -94), (-83, 1, 65, 28, 24, 37, 54, -73), (61, -67, 95, -35, -54, 16, 60, 61), (53, 42, 73, -13, 39, -57, 14, -94), (87, -23, 52, 78, 75, -86, -95, -30)]","[(60, -65, -88, 22, 26, -23, 6, 48), (-52, 74, 70, 37, 64, -23, 16, 10), (-74, -75, 23, 12, -34, 2, 50, -10), (-35, -75, 21, 72, -81, 95, -20, -48), (48, -11, -96, -43, -47, 48, -56, 72), (-15, -70, 86, -92, 64, -44, 75, -77), (5, -83, -48, 77, -14, -31, 86, 90), (-83, 40, 66, -43, 18, -54, -15, -82), (-64, 70, 92, 92, 78, -12, 39, 60)]"
"[(-29, -68, -38, -71, 83, 60, 35, -99), (-99, -25, -28, -51, 45, 94, -71, -28), (12, 33, -67, 86, 93, -51, 81, -80), (-39, -36, 67, -88, -88, -76, -11, -97), (-100, -62, -78, -23, -74, -79, -7, -89), (-12, 61, 93, 91, -71, -53, 28, -56), (-64, 54, 0, -77, -10, 22, 55, 20), (69, -33, -42, -50, -11, 42, -28, 44), (27, 7, 87, 13, -47, -16, 6, 95), (-24, 61, -49, 85, 20, -64, 70, 67)]","[(96, 99, -21, 53, -72, -90, 87, 10), (30, -79, -93, -32, -58, 75, 59, -56), (-94, -19, 51, 88, -80, -77, -15, 2), (-65, 19, 35, 51, -73, -1, 35, 78), (69, 82, 49, -66, 34, -19, -21, -55), (82, 86, 36, 63, 62, 90, 21, 36), (12, 18, -74, -23, -93, 99, -5, 51), (-2, -54, 99, 15, -42, -77, 42, 8), (1, 37, 46, -74, -34, -18, -100, 38), (26, 48, 20, -52, -61, -50, 87, -19)]"
"[(-67, -98, 71, -49, 82, -9), (60, 69, -65, 71, 76, 49), (28, -62, -60, -18, -32, 60), (-83, -92, 67, 99, -24, 22), (25, -69, -7, 54, 37, -46), (12, -2, 97, 23, 54, -77)]","[(0, 23, -75, -30, 55, 26), (6, 42, 79, 55, 81, 74), (-57, 80, -78, 19, -68, -69), (0, -7, 44, 44, 42, -15), (33, -87, -15, -11, 31, -5), (-19, 8, -30, 70, 40, 47)]"
"[(3/8, 46/9, -26, -33/8, -82/3, 13/7), (-32/9, 79/10, 1/2, 52/3, -13/4, 15/2), (-5/2, -15/4, -87/7, 79/5, 13/2, -41), (64/3, 8, -37/3, 52/3, -48/7, -43/10), (-7/2, 1/6, -14, -14/5, -13/5, -5), (-100/9, 1, 53/5, 9, -5/3, 14), (81/10, -6, -7/4, -86/7, -85/8, -14)]","[(-61/6, 39, 75/4, 10/9, 23/2, 19/2), (-91/8, -62/7, -99, -5, 25, -71/4), (-23/2, 31/8, -15/7, 8/5, 30, -80/3), (-25/3, 76/7, 47/4, 78, 20/3, 8), (-10, 41/2, 1, 17/3, -33/5, 90), (1/2, -69/8, 5, 5, -89/10, 49), (1/3, 49/2, 83/7, -17/5, 73/8, -6)]"
"[(3, -59, -37, 41, 34, 97, 55, -57, -39), (6, -9, 9, 6, 44, -66, 81, -14, -59), (35, -57, 42, -63, -53, 45, 13, -6, 28), (26, -26, -89, 91, -43, -24, -64, 99, -62), (49, 66, 19, 60, 73, 2, -93, -54, 43), (96, -59, 2, 8, 93, -57, -56, -5, -77), (77, -77, 57, -77, -33, 84, 46, 71, -6), (-27, 56, 70, -67, 10, -26, 86, 71, -1), (-35, -56, -89, 46, 31, 53, -63, 18, -63), (-39, 81, 55, 59, -50, 32, 26, -16, -79)]","[(-76, -35, -100, 91, -69, 42, -24, 7, 44), (-86, 34, -26, 5, 82, -37, -73, -32, -57), (-91, -37, -28, -63, 23, -64, 45, -93, 90), (14, -60, -78, 40, 44, -90, 96, 0, -6), (80, 14, 56, 40, 5, 87, -54, -79, 35), (-63, 38, 51, 0, 62, 48, 89, -19, 99), (39, -97, 64, 51, 29, -53, -90, 66, -12), (-98, 3, -24, -10, -11, -85, -32, 86, -98), (35, 93, -75, 77, 94, -48, -38, 68, 81), (27, 98, -69, 5, 91, 98, -17, -73, -75)]"
"[(-95, -33, 33, -39), (-2, -97, 49, 13), (24, 30, 17, -12), (-92, 17, -7, 66), (-90, 69, 45, -73), (92, -42, -20, -51), (-47, -54, -13, 3), (45, 80, -25, 82), (-39, -30, -2, -52), (-74, -44, 86, 66)]","[(-92, -88, 66, 97), (72, 81, -63, -75), (43, -13, -33, -100), (-12, 55, 58, -32), (66, -25, -21, -98), (-19, -21, -83, 82), (32, 39, -68, 43), (27, -97, 39, 97), (33, 40, -30, -33), (-98, -21, 21, 82)]"
"[(39, -46, 70, 24, 98, -66, -18), (90, -83, 70, -74, -90, 51, -58), (47, 21, 54, 24, -80, 24, -82), (36, 61, -43, -9, 79, 32, -81), (13, 15, -68, -79, 63, 48, -58)]","[(-43, -22, -50, 60, 3, -43, -68), (-23, 7, -74, -86, 82, -4, -4), (-73, -57, 15, 46, -44, -56, 65), (-68, 10, -14, -79, -53, 59, 55), (-24, 8, -5, 34, -73, -77, -3)]"
"[(32, 23, 74, 99, -28, 77, -19, 74, 86, -11), (59, -23, -9, 86, 10, 75, 21, 37, -80, -72), (82, 28, -36, -68, 90, 50, 73, -75, -64, -65)]","[(6, 8, 70, 60, -90, -50, -11, 64, -76, -35), (29, -2, -98, 34, -18, 49, 41, -36, 96, 37), (98, -14, 86, 98, -78, -58, 64, -86, 23, -90)]"
"[(28, 66, 76), (56, -55, -89), (-82, -27, 51), (-46, -42, 55), (50, -70, -94), (-61, -43, 12), (-99, 66, 71), (76, -35, -15), (-36, -65, -73)]","[(15, 81, 8), (85, -40, 94), (58, 60, -79), (-33, 82, 3), (62, 48, 34), (-94, 25, 13), (34, -31, -83), (-69, 11, 48), (-75, -43, 58)]"
"[(46/3, 74, 82/7), (-20/7, 74, 0), (10, 37/4, 23/6), (81, 86/7, -61/10), (-73/8, -29/7, 4), (-6, -17/7, 96), (-45, -29, 89/9), (1/7, 49/2, -86/5)]","[(-55/2, 63, 1), (21/5, -57/7, 22), (22/5, -97/4, -49/5), (-9/2, -7/9, -30), (16/3, 43/3, 52), (7/3, 10, -100/9), (-2, 73/7, 51), (17/3, 71/8, 75/7)]"
"[(-75, 66, 15, -74, -21, 55), (32, 53, -38, 20, 35, -62), (-24, -16, 4, -65, 88, 72), (59, -28, -2, -44, -61, 9), (55, 66, -94, -6, 99, -97), (-43, 61, -58, 85, -72, -76), (-22, -16, -33, 71, 48, 50)]","[(-32, 68, 83, -20, -19, 56), (14, 73, -85, 67, -80, 46), (90, 17, -39, -8, 18, -78), (69, -93, 48, -94, 46, 98), (7, -18, -35, -38, 74, -26), (5, 76, 53, -22, 25, -78), (10, -25, 7, -81, 76, 96)]"
"[(-76, 32, 38, 6, -20), (10, 22, 63, -66, 26), (90, 49, -19, -93, 18), (-77, -41, -50, 87, -82), (-74, 77, -81, 15, 22), (26, -83, -82, -45, -28), (25, -57, 70, 58, -2), (-29, 74, 70, 81, 48), (-72, -70, -62, 92, 4), (93, 89, -100, 58, 42)]","[(-63, 70, -22, -70, 87), (47, -15, 16, -40, 19), (19, 1, -6, -15, -40), (7, 58, -40, -12, 11), (19, 20, -38, 89, -24), (-93, 83, -68, 27, -87), (37, -48, 50, 28, -77), (-14, -27, -34, -42, 14), (-6, 6, 70, -94, -17), (-22, 85, 54, 58, -70)]"
"[(52, -55, 33), (-54, -54, -22), (99, -87, -43), (-40, -97, 2), (97, -64, -78)]","[(-13, -28, -13), (-14, 77, 45), (37, 9, 82), (10, -41, 44), (-58, 52, 89)]"
"[(7, 36), (59, -3), (86, 36)]","[(56, -41), (15, -90), (39, 64)]"
"[(-15/2, 29/2, -47, 21/2, -9), (2/5, -27/8, -91, 57/4, -91/4), (40/3, 80, 13/3, 9, -13/9), (7, -4, 77/2, -51/4, -12), (-23/5, 25, 95/4, -47/5, -4/7), (-65/3, 88/3, 93, -20/3, 10), (29/6, 51/5, -13, -51, 10), (91/8, -46/7, -11/9, -17/2, -84), (59/7, 89/4, 29/3, -100/3, -45/4)]","[(-48/7, -11/2, 71/2, -49/5, -20/3), (1, 62/5, -1/2, -24, -21), (9, -99/4, -8, -3/8, 9), (-41/7, -19/3, 35/3, -29/2, -35/3), (72, 3/2, 82/7, 25/9, 28/5), (0, -2/3, -43/2, 76, -8), (39/7, -23/9, 35, -95/8, 40), (9, -39/4, 31/10, 79/10, 91/2), (95/6, 9, 51/8, -89/2, 71/10)]"
"[(60, -42, 77, 35, 90, 21, 83, 59, 65), (-27, 52, 90, 98, -63, 34, -98, -9, -52), (-34, 75, 69, -26, -92, 73, 92, 93, 15), (-66, 36, -86, -94, 85, -54, -96, -49, -1), (91, 60, 90, 17, -96, -49, -85, 41, -93), (-41, -94, -74, -62, -41, -2, -63, -2, 16)]","[(-7, -83, -70, -71, 7, -61, 48, 87, -79), (0, 33, -32, -19, -47, -37, 33, -93, 77), (96, 8, 71, 52, -30, -32, 59, 76, -87), (-59, 55, -71, 66, 99, -33, -50, 51, -25), (27, 36, 68, -44, -8, -1, 42, -31, -78), (-24, -99, 39, 80, 37, 48, -41, -93, 74)]"
"[(79, 70, -55, -19), (23, -90, 89, -31), (62, 2, 59, 13), (79, 13, -8, -79), (40, -79, -14, -74)]","[(77, -16, 41, -16), (55, -55, 50, -28), (36, 46, 96, 56), (61, -47, -82, 73), (66, 78, -13, 48)]"
"[(92, -35, 36, 65), (43, -82, -33, 2), (91, -64, 68, -32), (34, 38, -76, 65), (36, 22, -68, -84), (-96, 49, 14, 65), (25, 3, 28, -62)]","[(56, -55, 84, 4), (79, -91, -89, -54), (55, 75, -31, 10), (56, 47, 1, -33), (37, -89, -96, 87), (-33, -78, -45, -23), (-93, -44, -2, 9)]"
"[(81, -99, 17, 77, -56), (-92, -31, -14, 58, 60), (99, 48, -88, 30, -76), (-5, -6, -29, 77, -65), (-55, -13, -95, 14, 94)]","[(-84, 43, 70, 7, 50), (-52, -51, -81, -87, 17), (-73, 38, -65, -47, 42), (41, -55, 53, -46, -87), (-71, -16, 69, -99, 32)]"
"[(18, -42, -26, 90, 18, 58, 43, 73, 8), (-64, 6, -68, 37, -11, 1, 54, 40, 82), (-28, 68, -92, 66, 29, -80, -16, -16, -49), (-52, -59, 43, -70, 43, -96, 33, 92, 31), (30, -87, 14, -41, -62, -100, 36, 97, 43), (78, 49, 61, -79, -99, 41, -67, 28, -20), (-45, 12, 43, 9, 22, 84, 50, -93, -58), (-9, -19, -72, 15, 10, 95, 24, 75, 46), (8, 38, -93, 59, 79, -7, 46, 62, -48), (74, 88, 85, -64, 70, 95, 30, -10, 10)]","[(-2, -72, -96, -98, -7, 86, 79, -20, 78), (69, 49, -5, 83, -13, -75, -16, 39, 92), (12, 36, -95, 99, 50, 62, 5, -54, 56), (50, -89, -57, 26, 42, -61, -73, 11, -6), (-44, 52, 41, -44, 7, 25, 67, -56, -66), (99, 96, 34, -88, -39, -1, 89, -80, 0), (-86, -35, -88, 37, 86, -25, 47, -56, -43), (60, -21, -61, -96, 36, 83, 65, -35, -62), (97, -70, 25, -95, 74, -59, -35, -38, -14), (-21, -2, -28, 48, -64, -17, 45, 56, -67)]"
"[(-63, 20, 77, -8, 73, 3, 77), (-9, 37, 39, -31, -38, 0, 51)]","[(84, -32, 84, 36, 49, 80, -44), (34, -23, 8, 51, 26, 5, 62)]"
"[(17/7, -89/7), (-8, 37/8), (-31/9, 64), (47/4, 3/8), (-25/9, 64), (61/6, -12), (-38, 55/2), (-17, 25/3)]","[(-15, 92/3), (-37/4, -32), (16/3, -19/2), (92, 19/8), (-22/3, 31/3), (9, -1/9), (-50, -47), (14, 49/2)]"
"[(3, 15, 73, 90, 64, 35, -80, 10), (37, 43, -83, 30, 71, -49, 71, 3), (76, -57, -91, 92, 72, 11, 29, -19), (87, -2, 77, -72, 34, -79, -65, -14), (-51, 20, -18, -44, -85, -65, -7, 32), (13, -14, 53, 78, -50, -21, -34, 12), (20, 45, -14, 75, -93, 4, -76, -38)]","[(-31, -54, -22, 56, 81, -42, -40, 81), (0, 64, -8, 7, -11, 47, 36, 33), (55, -13, 0, -33, 99, -18, -27, -47), (46, 5, -78, 78, -85, -91, -38, 65), (55, -78, -46, 44, 11, -87, 55, -92), (-63, 85, -96, -71, 93, 48, -37, 16), (-84, 6, 12, 48, 11, 97, -85, 50)]"
"[(-98, 90, -57), (-96, 3, 60), (53, -18, -8), (-14, -61, -54), (-98, 15, -89), (-1, 49, -85), (72, -20, -4), (-99, -55, -58), (5, -98, 40)]","[(13, 13, -43), (70, 69, 87), (85, -47, -96), (33, -51, 68), (24, 50, 73), (67, 58, 11), (59, 63, 71), (71, -48, -31), (90, 96, -78)]"
"[(91, 82, -38, -43, 17), (-100, 89, 19, 40, 95), (-76, -31, 56, 85, -46), (1, -58, -66, -37, 5), (-86, -100, -69, -36, 95), (-53, 98, -69, -63, -7)]","[(69, 36, 77, -94, -21), (17, 77, -55, 7, 70), (-82, 93, 19, 36, -56), (-2, 24, -43, 71, -86), (24, 39, -88, 60, 49), (-73, -13, 81, 3, 73)]"
"[(-5, -46, -23, 97, -88, 0, -95, -36, -49), (94, 47, 16, -60, -39, -70, 95, 84, -82), (-94, 87, 44, -44, -51, 60, 61, 82, -61), (79, 88, -91, 84, 25, 73, -39, 27, 12), (2, -74, -35, 49, -28, 74, 34, 57, -11), (-8, -78, -33, -87, -94, 94, -96, -83, 74)]","[(-78, 2, 98, -38, 25, -56, 56, 35, 7), (8, -12, -69, -69, -59, -54, -97, 22, -48), (98, -99, -41, -1, -39, -39, -21, -86, -36), (69, -33, 96, 0, 96, 85, -50, 77, -20), (91, 78, 63, -80, -59, 83, -2, 8, -52), (41, -97, -89, -38, 71, 75, -94, -95, -30)]"
"[(-38, 65, -40, 88, 98, -52, 40, 61, 95), (82, -64, 49, -48, 67, -67, -11, -20, 61), (-39, 65, 44, 65, 66, -80, -73, -25, -33), (-22, -29, 97, 75, -98, -18, -50, 60, 0), (-58, -58, -3, -27, 53, -46, -40, 18, -26)]","[(-93, 19, 14, 65, -69, -72, -71, -38, -25), (3, 7, -84, -31, 87, -57, 75, 91, -76), (71, 82, 72, 57, 71, 40, -82, 57, -35), (71, 37, -52, -12, -2, 33, -81, -90, 65), (20, -88, 64, -91, 41, 58, -54, 68, -61)]"
"[(-63, -30, -78, 77, -69, -32, 93), (92, 9, -24, 63, 66, -73, -42), (94, -96, 10, -43, -76, -18, 60), (-12, -92, 11, -7, 29, -89, 6), (-8, 21, 42, -87, 15, 49, -49), (64, -25, -70, 30, 20, -3, 49), (-21, -77, -51, -73, 58, 37, 99)]","[(-66, 62, 63, -17, 10, -52, 38), (11, 66, 39, -3, -14, -39, 31), (-67, 33, -63, -17, -16, 67, -60), (-13, 57, -69, -74, -6, -57, -62), (77, 87, 98, 10, -65, 46, 55), (18, -75, 31, -62, 1, 10, -9), (64, -19, -66, 63, -95, 13, 3)]"
"[(88, -20, 63, 6, -41, -17, -88, -93, -48, 1), (40, 6, -15, 20, -71, 54, 57, -99, -33, 23), (-69, 68, 48, -63, -7, -1, -90, -38, -73, 8), (21, -67, -81, 87, 78, 51, -38, 42, 29, -60), (-95, -100, -4, -84, -93, -51, -95, 62, 16, 47), (17, 79, 2, 23, -56, 41, 57, -19, 39, -69), (85, -40, -80, 61, -59, 46, 27, -48, 36, 34), (20, -91, 95, 35, 42, 37, -53, 84, 81, -84)]","[(-91, 44, -92, -30, 33, 83, -50, 41, 4, 35), (-53, -85, -99, -8, 8, 18, 98, 5, -28, 70), (-20, -77, -79, 73, 49, 96, -93, -69, 13, 67), (43, 88, 95, 0, -32, 5, -68, 10, 90, 8), (47, -14, 48, -72, -37, 97, -57, 13, -46, 35), (-65, 98, -60, 88, 25, -27, -36, 50, -29, -10), (-50, 33, -100, 3, -46, 60, 52, 27, -100, -85), (-87, -45, 23, 50, 78, -73, -98, 0, 74, 36)]"
"[(-89, 9, -3, 69, -6, -67, 86, 67), (5, -41, 59, -50, 30, -45, -80, 16), (-14, 90, -91, -68, 65, 95, 92, -50), (-17, -8, 31, 4, -61, -11, 48, 65), (-85, -53, -25, -51, -20, -29, 57, 12), (15, 28, -38, -23, -56, 20, 29, 98), (51, -5, 46, -87, 80, -67, -83, 64), (-86, -52, 43, 7, 67, 46, 8, -64)]","[(-76, -57, 13, 99, -92, 56, -7, -73), (-49, 31, -94, -73, -32, 27, 28, 98), (-75, 65, -65, 31, -28, 25, -28, 92), (30, -95, 52, -50, -44, -54, -3, 0), (28, 71, -93, 89, 76, 71, 24, -77), (-87, 79, 6, 13, 21, -76, 25, 79), (-27, 73, -85, -42, 5, -32, 99, -30), (-21, -93, -56, 82, 55, 28, 94, -70)]"
"[(-19, 77/8, -33/5, -98/9, 32/9, 17/3, 16/3, -77/3), (-16/3, -91/5, 5/3, -59/5, 78, 80, -19/10, 0), (-42/5, -99, -95/8, 9, -23/5, -5/3, 72, 3), (-34/9, 33/5, -52/7, 80/9, 41, 21, 97/8, 57/4), (-39/8, -93/4, 86/5, -49/2, 59/8, 66/7, -57/5, 4), (17/2, -85/4, -5/2, -26/5, -8, -63/8, 7/8, 9/5), (-3/2, 5/8, 43/10, 31/3, -35/6, -24, 49/3, 14), (-21, 10, -10/9, -19, 22/7, 28/9, -39/4, -52/9)]","[(-27/2, 5/8, 29/6, 13, 21/5, 83/10, -1, -47/5), (-35/4, 16, -9, 41/9, -39, -57/2, -27, 35/6), (61/3, 75/8, -79/4, -59/5, 93/2, 15/2, 19/4, -11/8), (18, -53/5, -85, 97/6, -29/2, 2, -26, 18), (5/6, 17/10, -28/3, 59/7, -89/4, 37/9, -42, -79/7), (-29/2, -7/8, 9/4, -43, 5/3, 97/10, -47/8, -47/2), (21/2, -83/2, 26/3, 12, -68/7, 61/4, 87/10, 78/7), (43/2, -100/7, -27/10, -92, -35/3, -43/4, 23/5, -49)]"
"[(-91, 30, 99, -41, 40, 6, 64), (60, 33, 46, -57, 12, -83, 97), (-37, 22, 31, 95, 5, -45, -24), (-58, -93, -84, -75, -6, -65, -67), (18, -41, 68, 98, -41, 18, 76), (72, -33, -13, 66, 52, -9, 77), (-38, 48, -52, -64, -98, -60, 70), (93, 46, 45, 84, -36, -84, -24)]","[(-71, -55, -44, 9, 67, 45, -62), (17, 13, -77, 68, -83, -85, -67), (-63, -69, -81, -96, -60, -5, -94), (-100, 95, -22, 33, 62, 52, -1), (-59, -42, 87, 45, 59, 78, -57), (-72, 6, -81, 81, -62, 62, -99), (-27, 3, 16, -31, -23, -73, 98), (79, 79, -57, 3, 59, -87, -55)]"
"[(41/6, -25/4, 23/2, -59/3, -16/9, 59, 76, -43/7, 61), (-68, 1/8, 95, 37/3, 17/9, -82, -11/2, -71/8, 29/2), (-13/9, 16, 10, 28/3, 45/8, -13/4, 43/9, -17, -53/8), (-47/5, -50, 14, -6, 15, 31/4, 0, -68/3, 6/5), (31/3, -70, -44/5, 83/8, -53/3, -19/3, 72/7, -79/6, -43/4), (1, -57, -26/3, 36/7, 28, 50/3, 21/2, -36, -19), (79/4, 9/5, -9/8, -9/2, -79, 40/9, 26, 69/2, -78/5)]","[(-22/3, 67/7, -77, -83/8, 89, -96, -15, 28, 39/10), (51/10, -11, 31/4, 67/9, -17/2, -5/3, 77/9, -6, 84), (2/3, 78, 89/7, 41/2, 35/4, 13/2, -15/4, -31/4, 16/3), (-13, -30, 17/10, 22/9, 11, 69/5, 0, 3, 11), (83/5, 22/7, 8/5, -12/7, -13/6, 3/2, 86/3, -16, 29/5), (61/3, 84, -36, -86/3, -43/3, -4, 19/4, -44, 66/5), (-2/3, 45/2, -19/2, 12, -82, -7, -85, 83/7, 7/2)]"
"[(-51, 67, 78, 96, 4, -20, -34, -65, 69), (98, 79, 40, -39, 36, 7, -99, -54, 50), (-88, -8, 56, 50, -8, 82, 47, -99, 91), (14, -28, -43, -49, 7, 92, -86, 74, -28), (97, -15, -96, -21, 49, -3, 7, 79, 66), (27, -4, -66, 38, -36, 24, 77, -40, -26)]","[(86, 43, 59, 86, -91, 78, 40, 40, 34), (-28, 63, 91, 26, 30, -25, 45, 77, 35), (-78, 92, 92, 56, 40, 31, 41, -74, 57), (-1, 97, 18, -41, 70, -13, -61, 43, 34), (54, -6, -82, -36, 31, 5, 92, -46, 53), (-73, -20, -95, 41, 82, -4, 46, -53, 16)]"
"[(-79/5, -32/3, -31/3, -19/2, 100/3, -11, 96, 98, -9/8), (-20/3, 32/3, -3/5, 15/4, 8, -35/3, 47/5, -45/2, 83/3), (-7/3, 4/5, 80/3, 50, 79/10, -11, 13, -64/5, -34/3), (6/7, -69, -1/5, 55/3, 97/7, -51, 47/2, 67/5, 48)]","[(-3/10, -2, 29/4, -32, -23/2, -3/5, -61/9, 9, -61), (88/5, 95/3, -13, -29/3, -4, -55/6, 22/3, 71/8, -68/7), (-79/9, -24, 3/8, -99/4, -7/3, 52/3, 86/7, 0, 47/10), (-75/8, -22/5, -18, -71/6, 71/2, -59, -53/6, 21/4, -100)]"
"[(-54, 41, -97), (5, -48, 15), (1, -7, 71), (-32, -19, 28), (87, 35, 4), (59, -50, -66)]","[(20, 20, -79), (-36, 56, -6), (54, 49, 85), (-90, 66, 11), (-73, -53, -48), (-34, 82, 13)]"
"[(-97, -87, 86, 16, 60, 83, -40, -70, 94, 86), (-44, -68, 30, 32, -85, -94, 22, 77, 20, 99), (57, 41, 21, -59, 34, -76, 88, 67, -73, -98), (-65, -93, -12, 34, 52, -38, 18, -98, -63, -60), (35, -48, 76, 71, 85, -96, -38, 77, 63, -78), (-26, 93, 39, 38, -39, 37, 67, 51, -100, -100), (-9, -7, -21, 98, -16, 49, 99, -70, -71, 64), (-24, -24, 65, -90, -39, -89, -73, 53, 36, 56), (10, -58, 99, 23, -86, 2, -57, -98, 54, 4)]","[(-84, -31, -72, 25, -31, -93, -76, -1, 19, -73), (-86, 43, -96, 7, 76, 69, 93, -95, -42, 71), (83, -62, 80, -63, 90, -80, -76, 79, 4, -82), (0, -93, 18, 74, 90, -12, 51, -49, 53, -64), (45, -71, -63, -95, -92, -82, -23, 59, 20, 44), (97, 2, 24, -82, 15, -57, 60, 66, -55, 6), (-97, 3, -4, -96, 41, -43, 45, -52, -36, 92), (34, -56, -4, -43, 19, -33, 60, -2, -62, -82), (-74, -81, 62, -13, -96, -48, -68, -83, 45, 54)]"
"[(17, 57, -80, -2, -97, -87, -24, -51, 73), (92, 67, 90, 88, -50, -17, 34, 82, -22), (35, -72, -24, 30, -91, -19, 91, 74, -83), (-62, 32, -57, 28, 65, -23, -26, 36, 33), (-79, 53, 33, 94, -14, 14, -63, 6, 57), (21, -1, 81, 52, -75, -39, -54, 79, -10), (56, -94, 73, -69, 7, -47, -99, 82, -64), (-95, 34, -32, -68, -63, 54, -73, -52, 90)]","[(17, 84, -67, -69, 47, 5, -19, -89, 58), (-97, -56, -10, 73, 68, 17, 22, 24, -56), (14, 50, 83, 71, 77, -38, -23, 53, -90), (-14, -70, -94, 27, 36, 49, -52, 49, -92), (-27, 18, 6, 46, 48, 17, -87, -21, -65), (-84, -30, 98, -10, -89, -26, -46, 95, 42), (-38, 41, 8, 43, 7, -59, 69, -29, 29), (75, -35, 51, 41, 99, -81, 95, -26, 86)]"
"[(65, 59/4, -86/3, -27/8, -53, -33/5), (4, -64/9, -1/7, -3/4, -14, -39), (79/10, -35/3, -10/3, 22/9, -38/3, -35/2)]","[(7, 30, -31, -45/2, 2, 0), (87/10, -19/3, -11, -5/2, 80/7, -9), (-89/4, 2, 6, -87/5, 4, 6)]"
"[(-94, -26, -42, 51, 42, -3, 32), (-74, 20, -10, 54, -45, 2, 40), (78, 12, -69, -51, 2, 53, -46), (40, 71, 37, 99, -62, 27, -6), (-39, -9, 12, 53, -93, 92, 82), (52, -79, -66, -47, -1, -16, 8), (27, 63, 92, 99, 60, 75, 41), (91, -88, -79, -37, 51, 76, -6), (85, -23, -16, -43, 95, -19, 65)]","[(-24, -88, -50, -16, 50, 0, -57), (46, 39, -32, -39, -22, 79, 54), (-38, 14, -4, 51, 93, -51, 66), (16, -36, 63, 70, 64, -55, -4), (-39, -28, -87, -81, 6, -50, -53), (10, -66, -65, -53, 74, 91, -10), (-89, -55, -49, 8, -88, -67, 94), (-96, 59, -59, -58, 1, 64, 40), (-49, -47, 10, -98, -88, 88, 40)]"
"[(18, 81, 87, -6, 80, -35), (-26, 29, 42, -34, 1, -32), (-59, -57, 25, -54, -86, -16), (22, -97, 13, -62, 65, 70), (-26, 80, -7, -83, 36, 60), (28, 37, 76, -31, -93, -26), (-37, -77, 62, -43, -60, -13), (-18, -58, 2, 44, -88, -36), (44, -2, -8, 44, -34, 40)]","[(7, 46, -59, 97, 61, -93), (-97, 25, -81, -87, 51, -22), (-56, 61, 37, -69, -21, 89), (-72, 69, -96, -96, -81, 71), (-76, 85, -51, -52, -3, 65), (70, -24, -64, 22, 10, -96), (18, -15, -6, 19, -26, -10), (-30, 11, 3, 29, -85, -32), (85, 18, -10, -62, 7, -46)]"
"[(62, 89, -67, 33, -79, 53), (15, -98, 20, 33, -32, -86), (26, 1, -89, 46, -76, 63), (-68, -78, -82, -34, 14, -82), (68, 36, -13, 99, 0, -93), (-100, -26, -44, 43, 41, -35), (-70, 30, -17, -22, -52, -71), (-81, 89, 47, -30, -8, -72)]","[(-51, 21, 48, -3, -10, -31), (-42, 57, -83, 18, -8, -3), (-36, -76, -66, -11, 31, 23), (-8, -66, 24, -19, 21, 7), (80, -39, 85, -99, 62, -82), (-25, 25, 61, -10, -37, 27), (-34, -13, -20, 77, -20, -54), (-98, 39, -93, -17, -94, 32)]"
"[(-83, -44, 96, 81, 62), (14, -94, -1, 94, -40), (-73, -44, -31, -84, -27)]","[(-50, -77, -100, -51, -62), (-93, 32, 17, 15, 38), (-48, 72, -60, 28, -62)]"
"[(41, -70, 87, -35, 80, 61, -8, 57, -97), (-61, 52, 96, 22, -80, -66, -72, 99, -56), (-71, 52, 42, -58, 65, 35, -53, -1, -34), (39, 69, 96, 50, 41, -66, -68, 12, 49), (-19, 49, -89, -52, 15, 63, 49, -74, 78), (-59, 18, 1, -18, -6, -3, -36, -35, 42), (72, -29, -16, -45, -27, -45, 6, 14, -83), (-98, 90, 55, -51, 32, 12, -84, 9, 55), (-29, 38, 71, -54, 10, 6, 18, -71, 59)]","[(71, 68, 83, 83, 43, 93, -13, -80, 96), (-53, -53, -9, -71, 83, 71, 51, 15, -93), (-99, -48, -84, 59, -32, -51, -20, 68, 93), (25, -91, 43, 1, -40, -68, -77, -52, 38), (-61, -93, 28, -13, -18, 87, 15, -68, 77), (-40, 33, -28, 92, 41, 26, 7, 20, 25), (-5, 28, -27, -89, -30, 43, -77, -35, 21), (-10, 32, -15, -46, 15, -84, -69, -79, -77), (16, -26, -35, 82, 71, -34, 82, 76, 14)]"
"[(-13, 90, 64, -11, 46), (36, 86, -42, -67, 47), (24, 75, -25, 31, -79), (85, -19, -58, 76, -28), (-35, -60, -64, 98, -43), (21, -24, 55, -44, -50), (10, 10, 64, -58, -23), (-99, 90, 30, 23, -41), (13, 70, -13, -76, 87), (34, -17, 7, 43, 56)]","[(-51, 93, 38, -68, 50), (-48, 79, -18, 20, 47), (-99, 80, -7, -56, 84), (64, -22, 60, 24, -88), (75, -75, 85, -75, 31), (-38, -49, 35, -83, 18), (-48, 44, 39, 35, -55), (-93, -3, 47, 0, 98), (45, 77, 3, -38, -47), (-80, 99, 3, 72, 19)]"
"[(68, -92, -75, 66, 22, -28, -94), (71, -12, -52, 77, 89, -8, 75), (-74, 86, -46, 76, -7, 75, -58), (-32, 86, 75, -84, -97, -31, 62)]","[(-81, 16, -44, 28, -8, -71, 36), (-76, -71, 14, 74, -15, 93, -94), (-72, 76, -2, 33, 54, -8, -49), (-93, 76, -82, -26, -75, -10, 47)]"
"[(-6, 10, -74, 27, -53), (-51, -18, -20, 14, -99), (92, -76, 14, -10, -93), (5, 25, -19, -3, 19), (-16, 80, -69, -12, 10), (31, 30, 69, 91, 93), (46, -32, 90, -5, 45)]","[(-23, -86, -87, 56, 92), (1, 87, -83, 80, 67), (-72, 30, -54, 47, -38), (94, -32, 79, -36, 57), (3, 86, 19, -4, -90), (89, 37, 46, 89, -36), (-54, 37, -3, -27, 44)]"
"[(-32, -2, -97/3, 22/5, -79/5, 91, 5/9, -16/5), (79/8, 35, 21/8, -33, -11/7, -16/3, 79/9, -2), (11/2, 20, -17, 65/2, 82/5, -5, 10, -8), (-47/3, 1/2, 0, -58, -66, 74/5, 71/7, -77), (-74, -3/7, 98/9, 91/3, 47, 13/9, 67/9, 99/4), (-25, -43/7, -15, 64, 47/4, -1/10, -49, -17/4), (-5/4, 65/9, -83/4, 6, -61/5, 8, 54, -66), (-7/3, 86/9, -79/5, -1, 91/8, -71/10, -39, 3/4), (61/6, -85/6, 46, -52/5, -27/8, 65/4, -45/4, 63/4)]","[(10/7, -49/10, 1, -91/5, 53/3, -74/5, 36/5, -41), (-1/3, -27/4, -38, 47/3, -1, -23/4, -82, 33/5), (-85/3, -44/5, -50/7, 27/5, -61/3, -35/9, 79/6, 86/7), (47, -19/2, 55/3, 0, -97/7, -20, -43/7, 54/5), (2/3, 40/9, 33/7, -79, 81/4, -82/5, 39/10, 92/3), (-77/3, 20, 42, 5/3, 1, 31, 83/4, -27), (-23/3, -80, -5/3, 29, -5, -19/4, 4, 8), (54/7, -29, 52, 6/7, 2/5, 29/3, 18, -19), (4, 98, -23, -40, -69/8, 45/8, -8/3, -89/2)]"
"[(-38/3, 40, -14/3, -91/4, 67/3, 80/7), (20, -3, -8, 67/5, -9/5, -48/7), (25, -5/2, 0, -81, 47/4, 33/8), (-77, 73/6, 17/4, -4, -21/2, -27/5), (77/5, -28, -70/3, 27, 40/9, 49/5), (-10, -74/7, 78/5, -3/2, -11/4, 23/2), (5/3, -97/2, -87/7, 61, 48, -38), (39, -7, 34/9, -23/5, -13, -5/4), (-39, 7/8, 36, 1/2, -94, 48/5), (31/2, 99/2, -27/4, 7, 22/3, -73/9)]","[(-10, 45/8, 87/2, 19, 83/8, -54), (7, -65, 65/6, 10, -11/2, -25/8), (21, -13/3, -33/2, 4/7, 37/4, 9), (9, -3/4, -66/5, 3/5, 69/7, 69/5), (-70/3, 17, 20/3, 71/2, -47/2, -5/9), (-27, 17/2, -41/10, 71, 8, 41), (-32/5, -8/5, 39/7, -59, -36, -85/2), (-90, 84, 1, 7/2, 11/2, 12), (-97/6, -33/4, -39/2, 79/5, 71/10, -19/4), (-7/5, -80/3, 29/2, -16/3, -30, 73/2)]"
"[(-16, 2, -80, -65, -8, -17, -21), (-24, 47, 42, -86, -4, -46, 97), (-61, 47, -79, 25, -53, 85, -82)]","[(-80, 43, 29, 37, -79, -99, -67), (-10, 84, 67, 67, 56, 44, 90), (-47, 94, 19, 44, -26, -63, -74)]"
"[(46, -85), (-70, 40), (41, -26), (80, -18), (80, -23)]","[(79, -76), (-6, 0), (16, 96), (-26, 8), (99, -97)]"
"[(-9/2, 55/3, 55/4, 28/3, -11/3, 35/2, 5/3), (-23/10, 7, 41, 46/5, 43/7, 47/8, -32/3), (43, 3, -76/3, -51/7, 27/10, 93, -25/8), (-10, -2/3, -19, 2, 29/3, -25, 62/9), (-7/3, 1/2, -55/7, -61, 6, 93/7, 29/6)]","[(-53/2, -61/9, 31/2, -9, -19/2, -13/5, -45), (87/7, -41/5, -27/8, -6, -16/5, 25, -43/2), (-11, -68/9, 11, -10, 94/3, 1, 14/3), (86, -29/6, -53, 10, -74/7, -30, -27/4), (11/4, -15, 33/4, 4, 10, -15/7, 31/2)]"
"[(-79/2, -2, -11/3, -74/7, -19, -11, -23, -46), (-84/5, 31/5, 29/3, 41/4, 20/3, -23, -4, -42), (-7, 39/5, 43/10, 6, -28, 0, -21, -29), (-61/2, -33/7, -70, 9, 0, 36/5, -90, 17/5), (27/7, -71, 55/8, -17/2, 10, 33/2, 58, -28/5), (91/6, 4, -7/3, 19/4, 0, -62, -59/10, -5), (-7, -11, 17/2, -22/3, -28/5, 25/3, 92/3, -47/2)]","[(3, 91/3, 73/6, 7, 3, 82/3, -77, 21/2), (-35/9, 29/7, -53/2, -26/3, 21, -19, -70/9, -33), (-10, -10/3, -68, -8, 11/5, 25/2, 89/3, -49/8), (23/4, -19/5, -91/2, -51/8, -35/2, -16/3, -97, 32/9), (75, -43/6, 9/8, -29/6, 1/9, 32/7, 100/9, -84), (30, -7/8, -8, 6/5, 4/5, -89/8, -25, 76), (97/3, -19/7, -15/8, -11/4, -8, 97/3, 61, -75/2)]"
"[(-55, -88/3, -86/9, -81/2, -4, -4, -43/3, -29/3, -85/9, -84/5), (11/8, 58/9, 7, -10/7, -18, 29/5, 38, 91/9, 85/4, -55), (79/5, 49/10, -10, 7/3, -80, -1, -39/5, 51/7, -86/5, 12), (-88, 73/5, 25/3, 23/5, 23/3, 59, -86/9, -8, -1, -55), (-4/3, 26/3, -2/5, -80/9, -49/3, 23/4, -10, -15, -20, 39), (65/6, 62, -51/10, 25/8, 16, -27/2, 54/5, 60/7, -77/2, -16/3), (72/7, -57/8, 13/10, 41, 15, -69/5, -94/5, 10/9, 28, -29/2), (7/9, 27, -7, -17/3, -6, 29/2, -48/5, -73/7, 69/7, -61/5), (40/7, 23, -86/7, 91/5, 0, -43/9, 19/10, -58, -92/7, -6), (-4, -25/9, 86/3, 34/3, -49/5, 36, -49/5, 49/5, -98/3, 7/2)]","[(19, 61, -51/2, 57/4, 73/5, -53/6, 73/9, -38, -9/4, 19), (-38/3, 7, -27, -43/7, 4, -2/3, -99/2, 15/2, 53/6, -66/5), (-21, 61/9, 16, -13/2, -79/2, 67/9, 4, 76/5, -32, 88/7), (30, -49/2, 25/2, -19/3, -4, -3/5, -13, -94/9, -2, -25/4), (7, 4, -31/4, -3/2, -92/5, 42, -36/7, -30, 37/4, -47), (-30, 29/2, -5/9, -13/9, 41/2, 23/3, 19, -84/5, 49/3, -61/2), (1/3, -22/9, 35/2, 24, 50/3, 24, -47/2, -9/2, -13, -27), (37/5, 9/2, 17, 7/2, -38/3, 69/4, -47/4, -17/2, 16/9, 44/5), (9, 37/2, 59/5, 43/10, -25/2, -26/9, -1/5, 94/7, -91/2, 0), (-82/7, -11/2, 40/9, 16/3, 83/7, 83/4, -67/7, 61, -8, -33/2)]"
"[(-27, -66, -15, -67), (77, 27, 20, 76), (-17, -93, 20, -82)]","[(74, -38, -97, -53), (-64, 5, 27, 44), (90, 69, 94, 47)]"
